abate,abbes,abbey,abbot,abhor,abide,abled,abler,ables,ablow,abode,abort,about,above,abuse,abuzz,abysm,abyss,acers,ached,aches,achoo,acids,acidy,acing,acmes,acmic,acned,acnes,acorn,acred,acres,acrid,acted,actor,acute,adage,adapt,added,adder,addle,adept,adieu,adios,admin,admit,adobe,adopt,adore,adorn,adult,adust,aegis,afars,afear,affix,afire,afoot,afore,afoul,afros,after,again,agape,agate,agent,aggro,agile,aging,agism,agist,aglow,agons,agony,agree,ahead,ahint,ahold,aided,aider,aides,aight,ailed,aimed,aimer,ainee,ainga,aioli,aired,airer,aisle,aitus,aiver,aizle,ajiva,ajuga,ajwan,akees,akela,akene,aking,akita,akkas,alaap,alack,alamo,aland,alane,alang,alans,alant,alapa,alaps,alarm,alary,alate,alays,albas,albee,album,alcid,alcos,aldea,alder,aldol,aleck,alecs,alefs,aleft,aleph,alert,alews,aleye,alfas,algae,algal,algas,algid,algin,algor,algum,alias,alibi,alien,alifs,align,alike,aline,alist,alive,aliya,alkie,alkos,alkyd,alkyl,allay,allee,allel,alley,allis,allod,allot,allow,alloy,allyl,almah,almas,almeh,almes,almud,almug,alods,aloed,aloes,aloft,aloha,aloin,alone,along,aloof,aloos,aloud,alowe,alpha,altar,alter,altho,altos,alula,alums,alure,alway,amahs,amain,amass,amate,amaut,amaze,amban,amber,ambit,amble,ambos,ambry,ameba,ameer,amend,amene,amens,ament,amias,amice,amici,amide,amido,amids,amies,amiga,amigo,amine,amino,amins,amirs,amiss,amity,amlas,amman,ammon,ammos,amnia,amnic,amnio,amoks,amole,among,amort,amour,amove,amowt,amped,ample,amply,ampul,amrit,amuck,amuse,amyls,anana,anata,ancho,ancle,ancon,andro,anear,anele,anent,angas,angel,anger,angle,anglo,angry,angst,anigh,anile,anils,anima,anime,animi,anion,anise,anker,ankhs,ankle,ankus,anlas,annal,annas,annat,annex,annoy,annul,anoas,anode,anole,anomy,ansae,antae,antar,antas,anted,antes,antic,antis,antra,antre,antsy,anvil,anyon,aorta,apace,apage,apaid,apart,apayd,apays,apeak,apeek,apers,apert,apery,apgar,aphid,aphis,apian,aping,apiol,apish,apism,apnea,apode,apods,apoop,aport,appal,appay,appel,apple,apply,appro,appui,appuy,apres,apron,apses,apsis,apsos,apted,apter,aptly,aquae,aquas,araba,araks,arame,arars,arbas,arbor,arced,arcos,arcus,ardeb,ardor,arena,arene,arepa,arere,arete,arets,arett,argal,argan,argil,argle,argol,argon,argot,argue,argus,arise,arish,arked,arled,arles,armed,armer,armet,armor,arnas,aroid,aroma,arose,arpas,arpen,arrah,arras,array,arret,arris,arrow,arsed,arses,arsey,arsis,arson,artal,artel,artic,artis,artsy,aruhe,arums,arval,arvos,aryls,asana,ascot,ashed,ashen,ashes,ashet,aside,asked,asker,askew,askoi,askos,aspen,asper,aspic,aspis,aspro,assai,assam,assay,asses,asset,assez,assot,aster,astir,astun,asway,aswim,asyla,ataps,ataxy,atigi,atilt,atimy,atlas,atman,atmas,atoke,atoks,atoll,atoms,atomy,atone,atony,attic,audio,audit,aunts,aunty,aurae,aural,aurar,auras,aurei,aures,auric,auris,aurum,autos,auxin,avail,avale,avant,avast,avels,avens,avers,avert,avgas,avian,avoid,avows,avyze,await,awake,award,aware,awarn,awash,awato,awave,aways,awdls,aweel,aweto,awful,awing,awmry,awned,awner,awoke,awols,awork,axels,axial,axile,axils,axing,axiom,axion,axite,axled,axles,axman,axons,azure,baals,babas,babel,babes,babka,baboo,babul,babus,bacca,bacco,baccy,bacha,bachs,backs,bacon,baddy,badge,badly,baels,baffs,baffy,bafts,bagel,baggy,baghs,bagie,bahts,bahus,bahut,bails,bairn,baith,baits,baiza,baize,bajan,bajra,bajri,bajus,baked,baken,baker,bakes,bakra,balas,balds,baldy,baled,baler,bales,balks,balky,balls,bally,balms,balmy,baloo,balsa,balti,balun,balus,bambi,banak,banal,banco,bancs,banda,bandh,bands,bandy,baned,banes,bangs,bania,banjo,banks,banns,bants,bantu,banty,banya,bapus,barbe,barbs,barby,barca,barde,bardo,bards,bardy,bared,barer,bares,barfs,barge,baric,barks,barky,barms,barmy,barns,barny,baron,barps,barra,barre,barro,barry,barye,basal,basan,based,basen,baser,bases,basho,basic,basij,basil,basin,basis,basks,bason,basse,bassi,basso,bassy,basta,baste,basti,basto,basts,batch,bated,bates,bathe,baths,batik,baton,batta,batts,battu,batty,bauds,bauks,baulk,baurs,bavin,bawds,bawdy,bawls,bayed,bayes,bayle,bayou,bayts,bazar,bazoo,beach,beads,beady,beaks,beaky,beams,beamy,beano,beans,beany,beard,beare,bears,beast,beath,beats,beaty,beaus,beaut,beaux,bebop,becap,becke,becks,bedad,bedel,bedes,bedew,bedim,bedye,beech,beedi,beefs,beefy,beeps,beers,beery,beets,befit,befog,begad,began,begar,begat,begem,beget,begin,begot,begum,begun,beige,beigy,being,bekah,belah,belar,belay,belch,belee,belga,belie,belle,bells,belly,belon,below,belts,bemud,bench,bends,bendy,benes,benet,benga,benis,benne,benni,benny,bento,bents,benty,bepat,beray,beres,beret,bergs,berko,berks,berme,berms,berob,berry,berth,beryl,besat,besaw,besee,beses,beset,besit,besom,besot,besti,bests,betas,betes,beths,betid,beton,betta,betty,bevel,bever,bevor,bevue,bevvy,bewet,bewig,bezel,bezes,bezil,bhais,bhaji,bhang,bhels,bhoot,bhuna,bhuts,biach,biali,bialy,bibbs,bible,biccy,bicep,bices,biddy,bided,bider,bides,bidet,biers,biffo,biffs,biffy,bifid,bigae,biggs,biggy,bigha,bight,bigly,bigos,bigot,bijou,biked,biker,bikes,bikie,bilbo,bilby,biled,biles,bilge,bilgy,bilks,bills,billy,bimah,bimas,bimbo,binal,bindi,binds,biner,bines,binge,bingo,bings,bingy,binit,binks,bints,biogs,biome,biont,biota,biped,bipod,birch,birds,birks,birle,birls,biros,birrs,birse,birsy,birth,bises,bisks,bisom,bison,biter,bites,bitos,bitou,bitsy,bitte,bitts,bitty,bivia,bivvy,bizes,bizzo,bizzy,blabs,black,blade,blads,blady,blaer,blaes,blaff,blags,blahs,blain,blame,blams,bland,blank,blare,blart,blase,blash,blast,blate,blats,blatt,blaud,blawn,blaws,blays,blaze,bleak,blear,bleat,blebs,bleed,bleep,blees,blend,blent,blert,bless,blest,blets,bleys,blimp,blimy,blind,bling,blini,blink,blins,bliny,blips,bliss,blist,blite,blits,blitz,blive,bloat,blobs,block,blocs,blogs,bloke,blond,blood,blook,bloom,bloop,blore,blots,blown,blows,blowy,bludy,blued,bluer,blues,bluet,bluey,bluff,bluid,blume,blunk,blunt,blurb,blurs,blurt,blush,blype,boabs,boaks,board,boars,boart,boast,boats,bobac,bobak,bobas,bobby,bobol,bocca,bocce,bocci,boche,bocks,boded,bodes,bodge,bodhi,bodle,boeps,boets,boeuf,boffo,boffs,bogan,bogey,boggy,bogie,bogle,bogus,bohea,bohos,boils,boing,boink,boite,boked,bokeh,bokes,bokos,bolar,bolas,bolds,boles,bolix,bolls,bolos,bolts,bolus,bomas,bombe,bombo,bombs,bonce,bonds,boned,boner,bones,boney,bongo,bongs,bonie,bonks,bonne,bonny,bonus,bonza,bonze,booai,booay,boobs,booby,boody,booed,boofy,boogy,boohs,books,booky,bools,booms,boomy,boong,boons,boord,boors,boose,boost,booth,boots,booty,booze,boozy,borak,boral,boras,borax,borde,bords,bored,boree,borel,borer,bores,borgo,boric,borks,borms,borna,borne,boron,borts,borty,bortz,bosie,bosks,bosky,bosom,boson,bossy,bosun,botas,botch,botel,botes,bothy,botte,botts,botty,bouge,bough,bouks,boule,boult,bound,bouns,bourd,bourg,bourn,bouse,bousy,bouts,bovid,bowat,bowed,bowel,bower,bowes,bowet,bowie,bowls,bowne,bowrs,bowse,boxed,boxen,boxer,boxes,boxty,boyar,boyau,boyed,boyfs,boygs,boyla,boyos,boysy,bozos,braai,brace,brach,brack,bract,brads,braes,brags,braid,brail,brain,brake,braks,braky,brame,brand,brane,brank,brans,brant,brash,brass,brast,brats,brava,brave,bravi,bravo,brawl,brawn,braws,braxy,brays,braza,braze,bread,break,bream,brede,breds,breed,breem,breer,brees,breid,breis,breme,brens,brent,brere,brers,breve,brews,breys,briar,bribe,brick,bride,brief,brier,bries,brigs,briki,briks,brill,brims,brine,bring,brink,brins,briny,brios,brise,brisk,briss,brith,brits,britt,brize,broad,broch,brock,brods,brogh,brogs,broil,broke,brome,bromo,bronc,brond,brood,brook,brool,broom,broos,brose,brosy,broth,brown,brows,brugh,bruin,bruit,brule,brume,brung,brunt,brush,brusk,brust,brute,bruts,buats,buaze,bubal,bubas,bubba,bubby,bubus,buchu,bucko,bucks,bucku,budas,buddy,budge,budis,budos,buffa,buffe,buffi,buffo,buffs,buffy,bufos,bufty,buggy,bugle,buhls,buhrs,buiks,build,built,buist,bukes,bulbs,bulge,bulgy,bulks,bulky,bulla,bulls,bully,bulse,bumbo,bumfs,bumph,bumps,bumpy,bunas,bunce,bunch,bunco,bunde,bundh,bunds,bundt,bundu,bundy,bungs,bungy,bunia,bunje,bunjy,bunko,bunks,bunns,bunny,bunts,bunty,bunya,buoys,buppy,buran,buras,burbs,burds,buret,burgh,burgs,burin,burka,burke,burks,burls,burly,burns,burnt,buroo,burps,burqa,burro,burrs,burry,bursa,burse,burst,busby,bused,buses,bushy,busks,busky,bussu,busti,busts,busty,butch,buteo,butes,butle,butte,butts,butty,butut,butyl,buxom,buyer,buzzy,bwana,bwazi,byded,bydes,byked,bykes,bylaw,byres,byrls,byssi,bytes,byway,caaed,cabal,cabas,cabby,caber,cabin,cable,cabob,caboc,cabre,cacao,cacas,cache,cacks,cacky,cacti,caddy,cadee,cades,cadet,cadge,cadgy,cadie,cadis,cadre,caeca,caese,cafes,caffs,caged,cager,cages,cagey,cagot,cahow,caids,cains,caird,cairn,cajon,cajun,caked,cakes,cakey,calfs,calid,calif,calix,calks,calla,calls,calms,calmy,calos,calpa,calps,calve,calyx,caman,camas,camel,cameo,cames,camis,camos,campi,campo,camps,campy,camus,canal,candy,caned,caneh,caner,canes,cangs,canid,canna,canns,canny,canoe,canon,canso,canst,canto,cants,canty,capas,caped,caper,capes,capex,caphs,capiz,caple,capon,capos,capot,capul,caput,carap,carat,carbo,carbs,carby,cardi,cards,cardy,cared,carer,cares,caret,carex,cargo,carks,carle,carls,carns,carny,carob,carol,carom,caron,carpi,carps,carrs,carry,carse,carta,carte,carts,carve,carvy,casas,casco,cased,cases,casks,casky,caste,casts,casus,catch,cater,cates,catty,cauda,cauks,cauld,caulk,cauls,caums,caups,causa,cause,cavas,caved,cavel,caver,caves,cavie,cavil,cawed,cawks,caxon,cease,ceaze,cebid,cecal,cecum,cedar,ceded,ceder,cedes,cedis,ceiba,ceili,ceils,celeb,cella,celli,cello,cells,celom,celts,cense,cento,cents,centu,ceorl,cepes,cerci,cered,ceres,cerge,ceria,ceric,cerne,ceros,certs,certy,cesse,cesta,cesti,cetes,cetyl,cezve,chace,chack,chaco,chado,chads,chafe,chaff,chaft,chain,chair,chais,chalk,chals,champ,chams,chana,chang,chank,chant,chaos,chape,chaps,chapt,chara,chard,chare,chark,charm,charr,chars,chart,chary,chase,chasm,chats,chave,chavs,chawk,chaws,chaya,chays,cheap,cheat,check,cheek,cheep,cheer,chefs,cheka,chela,chelp,chemo,chere,chert,chess,chest,cheth,chevy,chews,chewy,chiao,chias,chibs,chica,chich,chick,chico,chics,chide,chief,chiel,chiks,child,chile,chili,chill,chimb,chime,chimo,chimp,china,chine,chink,chino,chins,chips,chirk,chirl,chirm,chiro,chirp,chirr,chirt,chiru,chits,chive,chivs,chivy,chizz,chock,choco,chocs,chode,chogs,choir,choke,choko,choky,chola,choli,cholo,chomp,choof,chook,choom,choon,chops,chord,chore,chose,chota,chott,chout,choux,chowk,chows,chubs,chuck,chufa,chuff,chugs,chump,chums,chunk,churl,churn,churr,chuse,chute,chyle,chyme,chynd,cibol,cided,cider,cides,ciels,cigar,ciggy,cilia,cills,cimar,cimex,cinch,cinct,cines,cions,cippi,circa,circs,cires,cirls,cirri,cisco,cissy,cists,cital,cited,citer,cites,cives,civet,civic,civie,civil,civvy,clach,clack,clade,clads,claes,clags,claim,clame,clamp,clams,clang,clank,clans,claps,clapt,claro,clart,clary,clash,clasp,class,clast,clats,claut,clave,clavi,claws,clays,clean,clear,cleat,cleck,cleek,cleep,clefs,cleft,clegs,cleik,clems,clepe,clept,clerk,cleve,clews,click,cliff,clift,climb,clime,cline,cling,clink,clint,clipe,clips,clipt,clits,cloak,cloam,clock,clods,cloff,clogs,cloke,clomb,clomp,clone,clonk,clons,cloop,cloot,clops,close,clote,cloth,clots,cloud,clour,clous,clout,clove,clown,clows,cloye,cloys,cloze,clubs,cluck,clued,clues,clump,clung,clunk,clype,cnida,coach,coact,coala,coals,coaly,coapt,coarb,coast,coate,coati,coats,cobbs,cobby,cobia,coble,cobra,cocco,cocky,cocoa,cocos,codas,codec,coded,coden,coder,codes,codex,codon,coeds,coffs,cogie,cogon,cogue,cohab,cohen,cohoe,cohog,cohos,coifs,coign,coils,coins,coirs,coits,coked,cokes,colas,colby,colds,coled,coles,coley,colic,colin,colls,colly,colog,colon,color,colts,combo,combs,comby,comer,comes,comet,comfy,comic,comix,comma,commo,comms,commy,compo,comps,compt,comte,comus,conch,condo,cones,coney,confs,conga,conge,congo,conia,conic,conin,conks,conky,conne,conns,conte,conto,conus,convo,cooed,cooee,cooer,cooey,coofs,cooks,cooky,cools,cooly,coons,coops,coopt,coost,coots,cooze,copal,copay,coped,copen,coper,copes,coppy,copra,copse,copsy,coral,coram,corbe,corby,cords,cored,corer,cores,corey,corgi,coria,corks,corky,corns,cornu,corny,corps,corse,corso,cosec,cosed,coses,coset,cosey,cosie,costa,coste,costs,cotan,coted,cotes,coths,cotta,cotts,couch,coude,cough,could,count,coupe,coups,courb,courd,coure,cours,court,couta,couth,coved,coven,cover,coves,covet,covey,covin,cowal,cowan,cowed,cower,cowks,cowls,cowps,cowry,coxae,coxal,coxed,coxes,coxib,coyed,coyer,coyly,coypu,cozed,cozen,cozes,cozey,crabs,crack,craft,crags,craic,craig,crake,crame,cramp,crams,crane,crank,crans,crape,craps,crapy,crare,crash,crass,crate,crave,crawl,craws,crays,craze,crazy,creak,cream,credo,creds,creed,creek,creel,creep,crees,creme,crepe,creps,crept,crepy,cress,crest,crewe,crews,crias,cribs,crick,cried,crier,cries,crime,crimp,crims,crine,crios,cripe,crise,crisp,crith,crits,croak,croci,crock,crocs,croft,crogs,cromb,crome,crone,cronk,crony,crook,crops,crore,cross,crost,croup,crout,crowd,crown,crows,croze,cruck,crude,cruds,crudy,cruel,crues,cruet,cruft,crumb,crump,crunk,cruor,crura,cruse,crush,crust,crusy,cruve,crwth,crypt,ctene,cubby,cubeb,cubed,cuber,cubes,cubic,cubit,cuddy,cuffo,cuffs,culls,cully,culms,culpa,culti,cults,culty,cumec,cundy,cunei,cunts,cunty,cupel,cupid,cuppy,curat,curbs,curch,curds,curdy,cured,curer,cures,curet,curfs,curia,curie,curio,curli,curls,curly,curns,curny,currs,curry,curse,cursi,curst,curve,curvy,cusec,cushy,cusks,cusps,cuspy,cusso,cusum,cutch,cuter,cutes,cutey,cutie,cutin,cutis,cutto,cutty,cutup,cuvee,cwtch,cyano,cyans,cyber,cycad,cycas,cycle,cyclo,cyder,cylix,cymae,cymar,cymas,cymes,cymol,cynic,cysts,cytes,cyton,daddy,dados,daffs,daffy,daggy,daily,daine,daint,dairy,daisy,daker,daled,dales,dalis,dalle,dally,dalts,daman,damar,dames,damme,damns,damps,dampy,dance,dancy,dandy,dangs,danks,darbs,darcy,dared,darer,dares,darks,darky,darns,darre,darts,darzi,dashi,dashy,datal,dated,dater,dates,datos,datto,datum,daube,daubs,dauby,dauds,dault,daunt,daurs,dauts,daven,davit,dawah,dawds,dawed,dawen,dawks,dawns,dawts,dayan,daych,daynt,dazed,dazer,dazes,deads,deair,deals,dealt,deans,deare,dearn,dears,deary,deash,death,deave,deaws,deawy,debag,debar,debby,debel,debes,debit,debts,debud,debug,debur,debus,debut,debye,decad,decaf,decal,decay,decko,decks,decor,decos,decoy,decry,dedal,deeds,deedy,deely,deems,deens,deeps,deere,deers,deets,deeve,deevs,defat,defer,deffo,defis,defog,degas,degum,degus,deice,deids,deify,deign,deils,deism,deist,deity,deked,dekes,dekko,delay,deled,deles,delfs,delft,delis,dells,delly,delph,delta,delts,delve,deman,demes,demic,demit,demob,demon,demos,dempt,demur,denar,denay,denes,denet,denim,denis,dense,dents,deoxy,depot,depth,derat,deray,derby,dered,deres,derms,derns,deros,derro,derry,derth,dervs,desks,desse,deter,detox,deuce,devas,devel,devil,devon,devot,dewan,dewar,dewax,dewed,dexes,dexie,dhaks,dhals,dhobi,dhole,dholl,dhols,dhoti,dhows,dhuti,diact,dials,diane,diary,dibbs,diced,dicer,dices,dicey,dicht,dicks,dicky,dicot,dicta,dicts,dicty,diddy,didie,didos,didst,diebs,diene,diets,diffs,dight,digit,dikas,diked,diker,dikes,dikey,dildo,dilli,dills,dilly,dimer,dimes,dimly,dimps,dinar,dined,diner,dines,dinge,dingo,dings,dingy,dinks,dinky,dinna,dinos,dippy,dipso,diram,direr,dirge,dirke,dirks,dirls,dirts,dirty,disas,disci,disco,discs,dishy,disks,disme,dital,ditas,ditch,dited,dites,ditsy,ditto,ditts,ditty,ditzy,divan,divas,dived,diver,dives,divis,divna,divos,divot,divvy,diwan,dixie,dixit,diyas,dizen,dizzy,djinn,djins,doabs,doats,dobby,dobie,dobla,dobra,dobro,docht,docks,docos,doddy,dodge,dodgy,dodos,doeks,doers,doest,doeth,doffs,doges,dogey,doggo,doggy,dogie,dogma,dohyo,doilt,doily,doing,doits,dojos,dolce,dolci,doled,doles,dolia,dolls,dolly,dolma,dolor,dolos,dolts,domal,domed,domes,domic,donah,donas,donee,doner,donga,dongs,donko,donna,donne,donny,donor,donsy,donut,doobs,dooce,doody,dooks,doole,dools,dooly,dooms,doomy,doona,doorn,doors,doozy,dopas,doped,doper,dopes,dopey,dorad,dorba,dorbs,doree,dores,doric,doris,dorks,dorky,dorms,dormy,dorps,dorrs,dorsa,dorse,dorts,dorty,dosed,doseh,doser,doses,dotal,doted,doter,dotes,dotty,douar,doubt,douce,doucs,dough,douks,doula,douma,doums,doups,doura,douse,douts,doved,doven,dover,doves,dovie,dowar,dowds,dowdy,dowed,dowel,dower,dowie,dowle,dowls,dowly,downa,downs,downy,dowps,dowry,dowse,dowts,doxie,doyen,doyly,dozed,dozen,dozer,dozes,drabs,drack,draco,draff,draft,drags,drail,drain,drake,drama,drams,drank,drant,drape,draps,drats,drave,drawl,drawn,draws,drays,dread,dream,drear,dreck,dreed,drees,dregs,dreks,drent,drere,dress,drest,dreys,dribs,drice,dried,drier,dries,drift,drill,drily,drink,drips,dript,drive,droid,droil,droit,drole,droll,drome,drone,drony,droob,droog,drook,drool,droop,drops,dropt,dross,drouk,drove,drown,drows,drubs,drugs,druid,drums,drunk,drupe,druse,drusy,druxy,dryad,dryer,dryly,dsobo,dsomo,duads,duals,duans,duars,dubbo,ducal,ducat,duces,duchy,ducks,ducky,ducts,duddy,duded,dudes,duels,duets,duett,duffs,dufus,duing,duits,dukas,duked,dukes,dukka,dules,dulia,dulls,dully,dulse,dumas,dumbo,dumbs,dumka,dumky,dummy,dumps,dumpy,dunam,dunce,dunch,dunes,dungs,dungy,dunks,dunno,dunny,dunsh,dunts,duomi,duomo,duped,duper,dupes,duple,duply,duppy,dural,duras,dured,dures,durgy,durns,duroc,duros,duroy,durra,durrs,durry,durst,durum,durzi,dusks,dusky,dusts,dusty,dutch,duvet,duxes,dwaal,dwale,dwalm,dwams,dwang,dwarf,dwaum,dweeb,dwell,dwelt,dyers,dying,dyked,dykes,dykey,dykon,dynel,dynes,dzhos,eager,eagle,eagre,eales,eaned,eards,eared,earls,early,earns,earst,earth,eased,easel,easer,eases,easle,easts,eaten,eater,eathe,eaved,eaves,ebbed,ebbet,ebons,ebony,ebook,ecads,eched,eches,echos,eclat,ecrus,edema,edged,edger,edges,edict,edify,edile,edits,educe,educt,eejit,eerie,eeven,eevns,effed,egads,egers,egest,eggar,egged,egger,egmas,egret,ehing,eider,eidos,eight,eject,eking,ekkas,elain,eland,elans,elate,elbow,elchi,elder,eldin,elect,elegy,elemi,elfed,elfin,eliad,elide,elint,elite,elmen,eloge,elogy,eloin,elope,elops,elpee,elsin,elude,elute,elvan,elver,elves,emacs,email,embar,embay,embed,ember,embog,embow,embox,embus,emcee,emeer,emend,emery,emeus,emirs,emits,emmas,emmer,emmet,emmew,emmys,emong,emote,emove,empts,empty,emule,emure,emyde,emyds,enact,enarm,enate,ended,ender,endew,endow,endue,enema,enemy,enews,enfix,eniac,enjoy,enlit,enmew,ennog,ennui,enoki,enols,enorm,enows,enrol,ensew,ensky,ensue,enter,entia,entry,enure,enurn,envoi,envoy,enzym,eosin,epact,epees,ephah,ephas,ephod,ephor,epics,epoch,epoxy,epris,equal,equid,equip,erase,erbia,erect,erevs,ergon,ergos,ergot,erhus,erica,erick,erics,ering,erned,ernes,erode,erose,erred,error,erses,eruct,erupt,eruvs,erven,ervil,escar,escot,esile,eskar,esker,esnes,essay,esses,ester,etage,etape,ether,ethic,ethos,ethyl,etnas,ettin,ettle,etude,etuis,etwee,etyma,eughs,euked,eupad,euros,eusol,evade,evens,event,evert,every,evets,evhoe,evict,evils,evite,evohe,evoke,ewers,ewest,ewhow,ewked,exact,exalt,exams,excel,execs,exert,exies,exile,exine,exing,exist,exits,exode,exons,expat,expel,extra,exude,eyers,eying,eyots,eyras,eyres,eyrie,eyrir,fable,faced,facer,faces,facet,facia,facts,faddy,faded,fader,fades,faery,faffs,fagin,faiks,fails,faint,fairs,fairy,faith,faked,faker,fakes,fakey,falls,false,famed,fames,fanal,fancy,fands,fanes,fanga,fango,fangs,fanks,fanny,fanon,fanos,fanum,faqir,farad,farce,farci,farcy,fards,fared,farer,fares,farle,farls,farms,faros,farse,farts,fasci,fasti,fasts,fatal,fated,fates,fault,fauna,fauns,faurd,fauts,fauve,favas,favel,faver,faves,favor,favus,fawns,fawny,faxed,faxes,fayed,fayer,fazed,fazes,feals,feare,fears,feart,fease,feast,feats,feaze,fecal,feces,fecht,fecit,fecks,fedex,feebs,feeds,feels,feign,feint,feist,felch,fella,fells,felly,felon,felts,felty,femur,fence,fends,fendy,feral,ferns,ferny,ferry,festa,fests,festy,fetal,fetas,fetch,feted,fetes,fetid,fetor,fetta,fetts,fetus,feuds,feued,fever,fewer,feyed,feyer,feyly,fezes,fezzy,fiars,fiats,fiber,fibre,fibro,fides,fidge,fidos,fiefs,field,fiend,fient,fiere,fiers,fiery,fiest,fifed,fifer,fifes,fifth,fifty,fight,figos,fiked,fikes,filar,filch,filed,filer,files,filet,filii,fille,fillo,fills,filly,filmi,films,filmy,filos,filth,filum,final,finca,finch,finds,fined,finer,fines,fired,firer,fires,firie,firks,firms,first,firth,fiscs,fishy,fisks,fists,fisty,fitch,fitly,fitte,fitts,fiver,fives,fixed,fixer,fixes,fixit,fizzy,fjeld,fjord,flabs,flack,flaff,flags,flail,flair,flake,flaks,flaky,flame,flams,flamy,flank,flans,flaps,flare,flary,flash,flask,flats,flava,flawn,flaws,flawy,flaxy,flays,fleam,fleas,fleck,fleer,flees,fleet,flegs,fleme,flesh,flews,flick,flics,flied,flier,flies,flimp,flims,fling,flint,flips,flirs,flirt,flits,flitt,float,flobs,flock,flocs,floes,flogs,flong,flood,floor,flops,flora,flors,flory,flosh,floss,flota,flote,flour,flout,flown,flows,flubs,flued,fluff,fluid,fluke,fluky,flume,flump,flung,flunk,fluor,flurr,flush,flute,flyby,flyer,foals,foams,foamy,focal,focus,foehn,fogey,foggy,fogie,fogle,fogou,fohns,foids,foils,foins,foist,folds,foley,folio,folks,folky,folly,fomes,fonda,fonds,fondu,fonts,foods,foody,fools,foots,footy,foray,forbs,forby,force,fordo,fords,forel,fores,forex,forge,forgo,forks,forky,forme,forms,forte,forth,forts,forty,forum,forza,fouls,found,fount,fours,fouth,fovea,fowls,foxed,foxes,foxie,foyer,foyle,foyne,frabs,frack,fract,frags,frail,fraim,frame,franc,frank,frape,fraps,frass,frate,frati,frats,fraud,fraus,frays,freak,freed,freer,frees,freet,freit,fremd,frena,frere,fresh,frets,friar,fribs,fried,frier,fries,frigs,frill,frise,frisk,frist,frith,frits,fritt,fritz,frize,frizz,frock,froes,frogs,frond,frons,front,frore,frorn,frory,frosh,frost,froth,frown,frows,frowy,froze,frugs,fruit,frump,frush,frust,fryer,fubar,fubby,fubsy,fucus,fuddy,fudge,fuels,fuero,fuffs,fuffy,fugue,fugus,fujis,fulls,fully,fumed,fumer,fumes,fumet,fundi,funds,fundy,fungi,fungo,fungs,funks,funky,funny,fural,furan,furca,furls,furol,furor,furrs,furry,furth,furze,furzy,fused,fusee,fusel,fuses,fusil,fussy,futon,fuzed,fuzes,fuzzy,gades,gadge,gaged,gager,gages,gaids,gales,galls,gally,galop,galut,galvo,gamas,gamay,gamba,gambe,gambo,gambs,gamed,gamer,games,gamey,gamma,gamme,gammy,ganch,gandy,gangs,ganja,ganof,gants,gaols,gaped,gaper,gapes,gapos,gappy,garbe,garbo,garbs,garda,garis,garni,garre,garth,garum,gases,gasps,gaspy,gassy,gasts,gated,gater,gates,gaths,gator,gaucy,gauds,gaudy,gauge,gauje,gault,gaums,gaumy,gaunt,gaups,gaurs,gauss,gauze,gauzy,gavel,gavot,gawcy,gawds,gawks,gawky,gawps,gazar,gazed,gazer,gazes,gazon,gazoo,geals,geans,geare,gears,geats,gebur,gecko,gecks,geeks,geeky,geeps,geese,geist,geits,gelds,gelee,gelid,gelly,gelts,gemel,gemma,gemmy,gemot,genal,genas,genes,genet,genic,genie,genre,genro,gents,genty,genua,genus,geode,geoid,gerah,gerbe,geres,gerle,germs,germy,gerne,gests,getas,getup,geums,geyan,geyer,ghast,ghats,ghaut,ghazi,ghees,ghest,ghost,ghoul,giant,gibed,gibel,giber,gibes,gibli,gibus,giddy,gifts,gigas,gills,gilly,gilpy,gilts,gimel,gimme,gimps,gimpy,ginge,gings,ginks,ginny,ginzo,gipon,gippo,gippy,gipsy,girds,girls,girly,girns,giron,giros,girrs,girsh,girth,girts,gismo,gisms,gists,gites,giust,gived,given,giver,gives,gizmo,glace,glade,glads,glady,glaik,glair,glams,gland,glans,glare,glary,glass,glaum,glaze,glazy,gleam,glean,glees,gleet,gleis,glens,glent,gleys,glial,glias,glibs,glide,gliff,glift,glike,glime,glims,glint,glitz,gloam,gloat,globe,globi,globs,globy,glode,glogg,gloms,gloom,gloop,glops,glory,gloss,glout,glove,glows,gloze,glued,gluer,glues,gluey,glugs,glume,glums,gluon,glute,gluts,glyph,gnarl,gnarr,gnars,gnash,gnats,gnawn,gnaws,gnome,gnows,goads,goafs,goals,goary,goats,goaty,goban,gobar,gobbi,gobbo,gobby,gobis,gobos,godet,godly,godso,goels,goers,goest,goeth,goety,gofer,goffs,gogga,gogos,goier,going,gojis,golds,goldy,golem,goles,golfs,golly,golpe,golps,gombo,gomer,gompa,gonad,gonef,goner,gongs,gonia,gonif,gonks,gonna,gooby,goods,goody,gooey,goofs,goofy,googs,gooks,gooky,goold,gools,gooly,goons,goony,goops,goopy,goors,goory,goose,goosy,gopak,gopik,goral,goras,gored,gores,gorge,goris,gorms,gormy,gorps,gorse,gorsy,gosht,gosse,goths,gotta,gouch,gouge,gouks,goura,gourd,gouts,gouty,gowan,gowds,gowfs,gowks,gowls,gowns,goxes,goyim,goyle,grabs,grace,grade,grads,graff,graft,grail,grain,graip,grama,grame,gramp,grams,grana,grand,grans,grant,grape,graph,grapy,grasp,grass,grate,grave,gravs,gravy,grays,graze,great,grebe,grebo,grece,greed,greek,green,grees,greet,grege,grego,grein,grens,grese,greve,grews,greys,grice,gride,grids,grief,griff,grift,grigs,grike,grill,grime,grimy,grind,grins,griot,gripe,grips,gript,gripy,grise,grist,grisy,grith,grits,grize,groan,groat,grody,grogs,groin,groks,groma,grone,groof,groom,grope,gross,grosz,grots,grouf,group,grout,grove,growl,grown,grows,grrls,grrrl,grubs,grued,gruel,grues,grufe,gruff,grume,grump,grund,grunt,guaco,guana,guano,guans,guard,guars,guava,gucks,gucky,gudes,guess,guest,guffs,gugas,guide,guids,guild,guile,guilt,guimp,guiro,guise,gulag,gular,gulas,gulch,gules,gulet,gulfs,gulfy,gulls,gully,gulph,gulps,gulpy,gumbo,gumma,gummy,gumps,gundy,gunge,gungy,gunks,gunky,gunny,guppy,gurge,gurls,gurly,gurns,gurry,gursh,gurus,gushy,gusla,gusle,gusli,gussy,gusto,gusts,gusty,gutsy,gutta,gutty,guyed,guyle,guyot,guyse,gwine,gyals,gybed,gybes,gymps,gynae,gynie,gynny,gyoza,gyppo,gyppy,gypsy,gyral,gyres,gyron,gyros,gyrus,gytes,gyved,gyves,haafs,haars,habit,hable,habus,hacek,hacks,hadal,haded,hades,haiku,hails,haily,hains,haint,hairs,hairy,haith,hajes,hajis,hajji,hakam,hakas,hakea,hakes,hakim,hakus,halal,haled,haler,hales,halfa,halfs,halid,hallo,halls,halma,halms,halon,halos,halse,halts,halva,halve,hamal,hamba,hamed,hames,hammy,hamza,hanap,hance,hanch,hands,handy,hangi,hangs,hanks,hanky,hansa,hanse,hants,haole,haoma,hapax,haply,happy,hapus,haram,hards,hardy,hared,harem,hares,harim,harks,harls,harms,harns,haros,harps,harpy,harry,harsh,harts,hashy,hasks,hasps,hasta,haste,hasty,hatch,hated,hater,hates,hatha,hauds,haufs,haugh,hauld,haulm,hauls,hault,haunt,haven,haver,haves,havoc,hawed,hawks,hayed,hayer,hayey,hayle,hazan,hazed,hazel,hazer,hazes,heads,heady,heald,heals,heame,heaps,heapy,heard,heare,hears,heart,heast,heath,heats,heave,heavy,heben,hebes,hecht,hecks,heder,hedge,hedgy,heeds,heedy,heels,heeze,hefte,hefts,hefty,heids,heigh,heils,heirs,heist,hejab,hejra,heled,heles,helio,helix,hello,hells,helms,helos,helot,helps,helve,hemal,hemes,hemic,hemin,hemps,hempy,hence,hends,henge,henna,henny,henry,hents,hepar,herbs,herby,herds,heres,herls,herma,herms,herns,heron,heros,herry,herse,hertz,herye,hesps,hests,hetes,heths,heuch,heugh,hevea,hewed,hewer,hewgh,hexad,hexed,hexer,hexes,hexyl,heyed,hiant,hicks,hided,hider,hides,hiems,highs,hight,hijab,hijra,hiked,hiker,hikes,hikoi,hilar,hilch,hillo,hills,hilly,hilts,hilum,hilus,himbo,hinau,hinds,hinge,hings,hinky,hinny,hints,hiois,hiply,hippo,hippy,hired,hiree,hirer,hires,hissy,hists,hitch,hithe,hived,hiver,hives,hizen,hoaed,hoagy,hoard,hoars,hoary,hoast,hobby,hobos,hocks,hocus,hodad,hodja,hoers,hogan,hogen,hoggs,hoghs,hohed,hoing,hoise,hoist,hokas,hoked,hokes,hokey,hokis,hokku,hokum,holds,holed,holes,holey,holks,holla,hollo,holly,holms,holon,holts,homas,homed,homer,homes,homey,homie,homme,homos,honan,honda,honds,honed,honer,hones,honey,hongi,hongs,honks,honky,honor,hooch,hoods,hoody,hooey,hoofs,hooka,hooks,hooky,hooly,hoons,hoops,hoord,hoors,hoosh,hoots,hooty,hoove,hoped,hoper,hopes,hoppy,horah,horal,horas,horde,horis,horme,horns,horny,horse,hoser,hoses,hosey,hosta,hosts,hotch,hotel,hoten,hotly,hotty,houfs,hough,hound,hours,house,houts,hovea,hoved,hovel,hoven,hover,hoves,howbe,howdy,howff,howls,hubby,hucks,huffs,huffy,huger,huggy,hulks,hulky,human,humas,humfs,humic,humid,humor,humph,humps,humpy,humus,hunch,hunks,hunky,hunts,hurds,hurls,hurly,hurra,hurry,hurts,hushy,husks,husky,husos,hussy,hutch,hutia,huzza,huzzy,hwyls,hydra,hydro,hyena,hyens,hying,hykes,hylas,hyleg,hyles,hylic,hymen,hymns,hynde,hyoid,hyped,hyper,hypes,icers,iched,iches,ichor,icier,icily,icing,icker,ickle,icons,ictal,ictic,ictus,idant,ideal,ideas,idees,ident,idiom,idiot,idled,idler,idles,idola,idols,idyll,idyls,iftar,igapo,igged,igloo,iller,image,imbue,imped,imply,impot,imshi,imshy,inane,inapt,inarm,inbox,inbye,incle,incog,incur,incus,incut,indew,index,india,indie,indol,indow,indri,indue,inept,inerm,inert,infer,infix,infos,infra,ingan,ingle,ingot,inion,inked,inker,inkle,inlay,inlet,inned,inner,innit,inorb,input,inrun,inset,intel,inter,intil,intis,intra,intro,inula,inure,inurn,inust,invar,inwit,iodic,iodid,iodin,ionic,iotas,ippon,irade,irate,irids,iring,irked,iroko,irone,irons,irony,isbas,ishes,isled,isles,islet,isnae,issei,issue,istle,itchy,items,ither,ivied,ivies,ivory,ixias,ixora,ixtle,izard,izars,izzat,jaaps,jabot,jacal,jacks,jacky,jaded,jades,jafas,jaffa,jagas,jager,jaggs,jaggy,jails,jakey,japan,japed,japes,jarls,jaunt,jaups,javas,javel,jawan,jawed,jaxie,jazzy,jeans,jeats,jebel,jedis,jeels,jeely,jeeps,jeers,jefes,jeffs,jehad,jehus,jelab,jello,jells,jelly,jerks,jerky,jerry,jesse,jests,jesus,jetes,jeton,jetty,jeune,jewed,jewel,jewie,jhala,jiaos,jibba,jibbs,jibed,jiber,jibes,jiffs,jiffy,jiggy,jigot,jihad,joins,joint,joist,joked,joker,jokes,jokey,jokol,joled,joles,jolls,jolly,jolts,jolty,jomon,jotty,jotun,joust,joyed,jubas,jubes,jucos,judas,judge,judos,jugal,jugum,juice,juicy,jujus,juked,jukes,jumbo,jumby,jumps,jumpy,junco,junks,junky,junta,junto,jupes,jupon,jural,jurat,jurel,juror,justs,jutes,jutty,juves,juvie,kappa,karma,kayak,kazoo,kbars,kebab,kebar,kebob,keens,keeps,kelly,kelps,kelpy,kelts,kelty,kembo,kembs,kemps,kempt,kempy,kicks,kicky,kiddo,kiddy,kinds,kindy,kines,kings,kinin,kinks,kinky,kiosk,kirby,kirks,kissy,kists,kited,kiter,kites,kithe,kiths,kitty,kitul,kivas,kiwis,klang,klaps,klett,klick,klieg,kliks,klong,kloof,kluge,klutz,knack,knags,knaps,knarl,knars,knaur,knave,knawe,knead,kneed,kneel,knees,knell,knelt,knife,knish,knits,knive,knobs,knock,knoll,knops,knosp,knots,knout,knowe,known,knows,knubs,knurl,knurr,knurs,knuts,koala,koans,koaps,koban,kobos,koels,koffs,kofta,kogal,kohas,kohen,kohls,koine,kojis,kokas,koker,kokra,kokum,kolas,kolos,kombu,konbu,kondo,konks,kooks,kooky,krabs,kraft,krait,krang,krans,kranz,kraut,kreep,kreng,krewe,krill,krona,krone,kroon,krubi,krunk,ksars,kudos,kudus,kudzu,kufis,kugel,kuias,kukri,kukus,kulak,kulan,kulas,kulfi,kumys,kuris,kurre,kurta,kurus,kusso,kutas,kutch,kutis,kutus,kuzus,kvass,kvell,kwela,kyack,kyaks,kyang,kyars,kyats,kybos,kydst,kyles,kylie,kylin,kylix,kyloe,kynde,kynds,kypes,kyrie,kytes,kythe,laari,labda,label,labia,labis,labor,labra,laced,lacer,laces,lacet,lacey,lacks,laded,laden,lader,lades,ladle,laers,laevo,lagan,lager,lahar,laich,laics,laids,laigh,laika,laiks,laird,lairs,lairy,laith,laity,laked,laker,lakes,lakhs,lakin,laksa,laldy,lalls,lamas,lambs,lamby,lamed,lamer,lames,lamia,lammy,lamps,lanai,lanas,lance,lanch,lande,lands,lanes,lanks,lanky,lants,lapel,lapin,lapis,lapje,lapse,larch,lards,lardy,laree,lares,large,largo,laris,larks,larky,larns,larum,larva,lased,laser,lases,lassi,lasso,lassu,lasts,latah,latch,lated,laten,later,latex,lathe,lathi,laths,lathy,latke,latte,lauan,lauch,lauds,laufs,laugh,laund,laura,lavas,laved,laver,laves,lavra,lavvy,lawed,lawer,lawin,lawks,lawns,lawny,laxer,laxes,laxly,layed,layer,layin,layup,lazar,lazed,lazes,lazos,lazzi,lazzo,leach,leads,leady,leafs,leafy,leaks,leaky,leams,leans,leant,leany,leaps,leapt,leare,learn,lears,leary,lease,leash,least,leats,leave,leavy,leaze,leben,leccy,ledge,ledgy,ledum,leear,leech,leeks,leeps,leers,leery,leese,leets,leeze,lefte,lefts,lefty,legal,leger,leges,legge,leggy,legit,lehrs,lehua,leirs,leish,leman,lemed,lemel,lemes,lemma,lemon,lemur,lends,lenes,lengs,lenis,lenos,lense,lenti,lento,leone,leper,lepid,lepra,lepta,lered,leres,lerps,lesbo,leses,lests,letch,lethe,letup,leuch,leuco,leuds,leugh,levee,level,lever,leves,levin,levis,lewis,lexes,lexis,lezes,lezza,lezzy,liana,liane,liang,liard,liars,liart,libel,liber,libra,libri,lichi,licht,licit,licks,lidar,lidos,liefs,liege,liens,liers,lieus,lieve,lifer,lifes,lifts,ligan,liger,ligge,light,ligne,liked,liken,liker,likes,likin,lilac,lills,lilos,lilts,liman,limas,limax,limba,limbi,limbo,limbs,limby,limed,limen,limes,limey,limit,limma,limns,limos,limpa,limps,linac,linch,linds,lindy,lined,linen,liner,lines,liney,linga,lingo,lings,lingy,linin,links,linky,linns,linny,linos,lints,linty,linum,linux,lions,lipas,lipid,lipin,lipos,lippy,liras,lirks,lirot,lisks,lisle,lisps,lists,litai,litas,lited,liter,lites,lithe,litho,liths,litre,lived,liven,liver,lives,livid,livor,livre,llama,llano,loach,loads,loafs,loams,loamy,loans,loast,loath,loave,lobar,lobby,lobed,lobes,lobos,lobus,local,lochs,locks,locos,locum,locus,loden,lodes,lodge,loess,lofts,lofty,logan,loges,loggy,logia,logic,logie,login,logoi,logon,logos,lohan,loids,loins,loipe,loirs,lokes,lolls,lolly,lolog,lomas,lomed,lomes,loner,longa,longe,longs,looby,looed,looey,loofa,loofs,looie,looks,looms,loons,loony,loops,loopy,loord,loose,loots,loped,loper,lopes,loppy,loral,loran,lords,lordy,lorel,lores,loric,loris,lorry,losed,losel,losen,loser,loses,lossy,lotah,lotas,lotes,lotic,lotos,lotte,lotto,lotus,loued,lough,louie,louis,louma,lound,louns,loupe,loups,loure,lours,loury,louse,lousy,louts,lovat,loved,lover,loves,lovey,lowan,lowed,lower,lowes,lowly,lownd,lowne,lowns,lowps,lowry,lowse,lowts,loxed,loxes,loyal,lozen,luach,luaus,lubed,lubes,lubra,luces,lucid,lucks,lucky,lucre,ludes,ludic,ludos,luffa,luffs,luged,luger,luges,lulls,lulus,lumas,lumen,lumme,lummy,lumps,lumpy,lunar,lunas,lunch,lunes,lunet,lunge,lungi,lungs,lunks,lunts,lupin,lupus,lurch,lured,lurer,lures,lurex,lurgi,lurgy,lurid,lurks,lurry,lurve,luser,lushy,lusks,lusts,lusty,lusus,lutea,luted,luter,lutes,luvvy,luxes,lweis,lyams,lyard,lyart,lyase,lycea,lycee,lycra,lying,lymes,lymph,lynch,lynes,lyres,lyric,lysed,lyses,lysin,lysis,lysol,lyssa,lyted,lytes,lythe,lytic,lytta,maaed,maare,maars,mabes,macaw,maced,macer,maces,mache,machi,macho,machs,macks,macle,macon,macro,madam,madge,madid,madly,madre,maerl,mafia,mafic,mages,maggs,magic,magma,magot,magus,mahoe,mahua,mahwa,maids,maiko,maiks,maile,maill,mails,maims,mains,maire,mairs,maise,maist,maize,major,makar,maker,makes,makis,makos,malam,malar,malas,malax,males,malis,malls,malms,malmy,malts,malty,malva,malwa,mamas,mamba,mambo,mamee,mamey,mamie,mamma,mammy,manas,manat,mandi,maned,maneh,manes,manet,manga,mange,mango,mangs,mangy,mania,manic,manis,manky,manly,manna,manor,manos,manse,manta,manto,manty,manul,manus,mapau,maple,maqui,marae,marah,maras,march,marcs,mardy,mares,marge,margs,maria,marid,marka,marks,marle,marls,marly,marms,maron,maror,marri,marry,marse,marsh,marts,marvy,masas,mased,maser,mases,mashy,masks,mason,massa,masse,massy,masts,masty,masus,matai,match,mated,mater,mates,matey,maths,matin,matlo,matte,matts,matza,matzo,mauby,mauds,mauls,mauri,mauts,mauve,maven,mavie,mavin,mavis,mawed,mawks,mawky,mawrs,maxed,maxes,maxim,maxis,mayan,mayas,maybe,mayed,mayor,mayos,mayst,mazed,mazer,mazes,mazey,mazut,mbira,meads,meals,mealy,meane,means,meant,meany,meare,mease,meats,meaty,mebos,mecca,mecks,medal,media,medic,medii,medle,meeds,meers,meets,meffs,meins,meint,meiny,meith,mekka,melas,melba,melds,melee,melic,melik,mells,melon,melts,melty,memes,memos,menad,mends,menus,meous,meows,merch,mercs,mercy,merde,mered,merel,merer,meres,merge,meril,meris,merit,merks,merle,merls,merry,merse,mesal,mesas,mesel,meses,meshy,mesic,mesne,meson,messy,mesto,metal,meted,meter,metes,metho,meths,metic,metif,metis,metol,metre,metro,meuse,meved,meves,mewed,mewls,meynt,mezes,mezze,mezzo,mhorr,miaou,miaow,miasm,miaul,micas,miche,micht,micks,micky,micos,micra,micro,middy,midge,midgy,midis,midst,miens,mieve,miffs,miffy,mifty,miggs,might,mihas,mihis,miked,mikes,mikra,milch,milds,miler,miles,milfs,milia,milko,milks,milky,mille,mills,milor,milos,milpa,milts,milty,miltz,mimed,mimeo,mimer,mimes,mimic,mimsy,minae,minar,minas,mince,mincy,minds,mined,miner,mines,minge,mings,mingy,minim,minis,minke,minks,minny,minor,minos,mints,minty,minus,mired,mires,mirex,mirin,mirks,mirky,mirly,miros,mirth,mirvs,mirza,misch,misdo,miser,mises,misgo,misos,missa,missy,mists,misty,mitch,miter,mites,mitis,mitre,mitts,mixed,mixen,mixer,mixes,mixte,mixup,mizen,mizzy,mneme,moans,moats,mobby,mobes,mobey,mobie,moble,mocha,mochs,mochy,mocks,modal,model,modem,moder,modes,modge,modii,modus,moers,mofos,moggy,mogul,mohel,mohrs,mohua,mohur,moils,moira,moire,moist,moits,mojos,mokes,mokis,mokos,molal,molar,molas,molds,moldy,moles,molla,molls,molly,molto,molts,momes,momma,mommy,momus,monad,monal,monas,monde,mondo,moner,money,mongo,mongs,monie,monks,monos,monte,month,monty,moobs,mooch,moods,moody,mooed,mooks,moola,mooli,mools,mooly,moong,moons,moony,moops,moors,moory,moose,moots,moove,moped,moper,mopes,mopey,moppy,mopsy,mopus,morae,moral,moras,morat,moray,morel,mores,moria,morne,morns,moron,morph,morra,morro,morse,morts,mosed,moses,mosey,mosks,mosso,mossy,moste,mosts,moted,motel,moten,motes,motet,motey,moths,mothy,motif,motis,motor,motte,motto,motts,motty,motus,motza,mouch,moues,mould,mouls,moult,mound,mount,moups,mourn,mouse,moust,mousy,mouth,moved,mover,moves,movie,mowas,mowed,mower,mowra,moxas,moxie,mpret,mucho,mucic,mucid,mucin,mucks,mucky,mucor,mucro,mucus,muddy,mudge,mudir,mudra,muffs,mufti,mugga,muggs,muggy,muhly,muids,muils,muirs,muist,mulch,muled,mules,mulls,mummy,mumps,munch,munga,munge,mungo,mungs,munis,munts,muntu,muons,mural,muras,mured,mures,murex,murid,murks,murky,mused,muser,muses,muset,musha,mushy,music,musks,musky,musos,musse,mussy,musth,musts,musty,mutch,muted,muter,mutes,mutha,mutis,muton,mutts,muxed,muxes,muzzy,mvule,myall,mylar,mynah,mynas,myoid,myoma,myope,myops,myopy,myrrh,mysid,mythi,myths,mythy,myxos,mzees,naams,naans,nabes,nabis,nabks,nabla,nabob,nache,nacho,nacre,nadas,nadir,nails,naive,naked,naker,nakfa,nalas,naled,nalla,named,namer,names,namma,namus,nanas,nance,nancy,nandu,nanna,nanny,nanua,napas,naped,napes,napoo,nappa,nappe,nappy,naras,narco,narcs,nards,nares,naric,naris,narks,narky,narre,nasal,nasty,natal,natch,nates,natis,natty,nauch,naunt,naval,navar,navel,naves,navew,navvy,nawab,nazes,nazir,nazis,neafe,neals,neaps,nears,neath,neats,nebek,nebel,necks,neddy,needs,needy,neeld,neele,neemb,neems,neeps,neese,neeze,negus,neigh,nemns,nempt,nenes,neons,nepit,neral,nerds,nerdy,nerka,nerks,nerol,nerts,nertz,nerve,nervy,nests,netes,netop,netts,netty,neuks,neume,neums,nevel,never,neves,nevus,newed,newel,newer,newie,newly,newsy,newts,nexts,nexus,ngaio,ngana,ngati,ngoma,ngwee,nicad,nicer,niche,nicht,nicks,nicol,nidal,nided,nides,nidor,nidus,niece,niefs,nieve,nifes,niffs,niffy,nifty,nighs,night,nihil,nills,nimbi,nimbs,nimps,nines,ninja,ninny,ninon,ninth,nipas,nippy,niqab,nirls,nirly,nisei,nisse,nisus,niter,nites,nitid,niton,nitre,nitro,nitry,nitty,nival,nixed,nixer,nixes,nixie,nizam,nkosi,noahs,nobby,noble,nobly,nocks,nodal,noddy,nodes,nodus,noels,noggs,nohow,noils,noily,noint,noirs,noise,noisy,noles,nolls,nolos,nomad,nomas,nomen,nomes,nomic,nomoi,nomos,nonas,nonce,nones,nonet,nongs,nonis,nonny,nonyl,noobs,nooit,nooks,nooky,noons,noops,noose,nopal,noria,noris,norks,norma,norms,north,nosed,noser,noses,nosey,notal,notch,noted,noter,notes,notum,nould,noule,nouls,nouns,nouny,noups,novae,novas,novel,novum,noway,nowed,nowls,nowts,nowty,noxal,noxes,noyau,noyed,noyes,nubby,nubia,nucha,nuddy,nuder,nudes,nudge,nudie,nudzh,nuffs,nugae,nuked,nukes,nulla,nulls,numbs,numen,nunny,nurds,nurdy,nurls,nurrs,nurse,nutso,nutsy,nutty,nyaff,nyala,nying,nylon,nymph,nyssa,oaked,oaken,oaker,oakum,oared,oases,oasis,oasts,oaten,oater,oaths,oaves,obang,obeah,obeli,obese,obeys,obias,obied,obiit,obits,objet,oboes,obole,oboli,obols,occam,occur,ocean,ocher,oches,ochre,ochry,ocker,ocrea,octad,octal,octan,octas,octet,octyl,oculi,odahs,odals,odder,oddly,odeon,odeum,odism,odist,odium,odors,odour,odyle,odyls,ofays,offal,offed,offer,offie,oflag,often,ofter,ogams,ogeed,ogees,oggin,ogham,ogive,ogled,ogler,ogles,ogmic,ogres,ohias,ohing,ohmic,ohone,oidia,oiled,oiler,oinks,oints,ojime,okapi,okays,okehs,okras,oktas,olden,older,oldie,oleic,olein,olent,oleos,oleum,olios,olive,ollas,ollav,oller,ollie,ology,olpae,olpes,omasa,ombre,ombus,omega,omens,omers,omits,omlah,omovs,omrah,oncer,onces,oncet,oncus,onely,oners,onery,onion,onium,onkus,onlay,onned,onset,ontic,oobit,oohed,oomph,oonts,ooped,oorie,ooses,ootid,oozed,oozes,opahs,opals,opens,opera,opine,oping,opium,oppos,opsin,opted,opter,optic,orach,oracy,orals,orang,orant,orate,orbed,orbit,orcas,orcin,order,ordos,oread,orfes,organ,oscar,otaku,other,otter,ought,ouija,ounce,ousts,outdo,outed,outer,outgo,outre,outro,ouzel,ouzos,ovals,ovary,ovate,ovels,ovens,overs,overt,ovine,ovist,ovoid,ovoli,ovolo,ovule,owche,owing,owled,owler,owlet,owned,owner,owres,owrie,owsen,oxbow,oxers,oxeye,oxide,oxids,ozone,paced,pacer,paces,pacey,pacha,packs,pacos,pacta,pacts,paddy,padis,padle,padma,padre,padri,paean,paedo,paeon,pagan,paged,pager,pages,pagle,pagod,pagri,paiks,pails,pains,paint,paire,pairs,paled,paler,pales,palls,pally,palms,palmy,palsy,panda,pands,pandy,paned,panel,panes,panga,pangs,panic,panim,panko,panne,pansy,panto,pants,panty,paoli,paolo,papal,papas,papaw,paper,papes,pappi,pappy,parae,paras,parch,pardi,pards,pardy,pared,pareo,parer,pares,pareu,parev,parge,pargo,paris,parka,parki,parks,parky,parle,parly,parol,parps,parra,parrs,parry,parse,parti,parts,party,parve,parvo,paseo,pases,pasha,pashm,paspy,passe,pasta,paste,pasts,pasty,patch,pated,paten,pater,pates,paths,patin,patio,patka,patly,patsy,patty,patus,pauas,pauls,pause,pavan,paved,paven,paver,paves,pavid,pavin,pavis,pawas,pawaw,pawed,pawer,pawks,pawky,pawls,pawns,paxes,payed,payee,payer,peace,peach,peage,peags,peaks,peaky,peals,peans,peare,pearl,pears,peart,pease,peats,peaty,peavy,peaze,pebas,pecan,pechs,pecke,pecks,pecky,pedal,pedes,pedro,peece,peeks,peels,peens,peeoy,peepe,peeps,peers,peery,peeve,peggy,pells,pelma,pelon,pelta,pelts,penal,pence,pends,pendu,pened,penes,pengo,penie,penis,penks,penna,penne,penni,penny,pents,peons,peony,pepla,pepos,peppy,perai,perce,perch,perdu,perdy,perea,peres,peril,peris,perks,perky,perms,perns,perps,perry,perse,perst,perts,perve,pervs,pervy,pesky,pesos,pesto,pests,pesty,petal,petar,peter,petit,petre,petri,petti,petto,petty,pewee,pewit,peyse,phage,phang,phare,pharm,phase,pheer,phene,pheon,phone,phono,phons,phony,photo,piani,piano,pians,pibal,pical,picas,piccy,picks,picky,picot,picra,picul,piece,piend,piers,piert,pieta,piets,piety,piezo,piggy,pight,pigmy,piing,pikas,pikau,piked,piker,pikes,pikey,pikis,pilar,pilau,pilaw,pilch,pilea,piled,pilei,piler,piles,pilis,pills,pilot,pilow,pilum,pilus,pimas,pimps,pinas,pinch,pined,pines,piney,pingo,pings,pinko,pinks,pinky,pinna,pinny,pinon,pinot,pinta,pinto,pints,pinup,pions,piony,pious,piped,piper,pipes,pipet,pipis,pipit,pippy,pipul,pique,pirai,pirls,pirns,pirog,pisco,pises,pisky,pisos,pissy,piste,pitas,pitch,piths,pithy,piton,pitta,piums,pivot,pixel,pixes,pixie,pized,pizes,pizza,plaas,place,plack,plage,plaid,plain,plait,plane,plank,plans,plant,plaps,plash,plasm,plast,plate,plats,platy,playa,plays,plaza,plead,pleas,pleat,plebe,plebs,plena,pleon,plesh,plews,plica,plied,plier,plies,plims,pling,plink,ploat,plods,plong,plonk,plook,plops,plots,plotz,plouk,plows,ploys,pluck,plues,pluff,plugs,plumb,plume,plump,plums,plumy,plunk,plush,plyer,poach,pocks,pocky,podal,poddy,podex,poems,poets,pogey,pogge,pogos,poilu,poind,point,poise,pokal,poked,poker,pokes,pokey,pokie,polar,poled,poler,poles,poley,polio,polis,polje,polka,polks,polls,polly,polos,polts,polys,pombe,pomes,pommy,pomos,pomps,ponce,poncy,ponds,pongs,pooch,pooed,poofs,poofy,poohs,pools,poops,popes,poppy,poral,porch,pored,porer,pores,porge,porgy,porks,porky,porno,porns,porny,porta,ports,porty,posed,poser,poses,posey,posho,posit,posse,posts,potae,potch,poted,potes,potin,potoo,potsy,potto,potts,potty,pouch,pouff,poufs,pouke,pouks,poule,poulp,poult,pound,poupe,poupt,pours,pouts,pouty,powan,power,powin,pownd,powns,powny,powre,poxed,poxes,poynt,poyou,poyse,pozzy,praam,prads,prahu,prams,prana,prang,prank,prats,pratt,prawn,prays,preed,preen,preps,press,price,prick,pricy,pride,pried,pries,prime,primi,primo,prims,print,prior,prism,privy,prize,probe,probs,prods,profs,promo,proms,prone,prong,proof,props,prore,prose,proso,pross,prost,prosy,proto,proud,proul,prove,prowl,prows,proxy,proyn,prude,prune,prunt,pruta,pryer,pryse,psalm,pseud,pshaw,psion,psoae,psoai,psoas,psora,psych,psyop,pubco,pubes,pubic,pubis,pucan,pucer,puces,pucka,pucks,puddy,pudge,pudgy,pudic,pudor,pudsy,pudus,puers,puffs,puffy,puggy,pugil,puhas,pujah,pujas,pukas,puked,puker,pukes,pukey,pukka,pukus,pulao,pulas,puled,puler,pules,pulik,pulis,pulka,pulks,pulli,pulls,pulmo,pulps,pulpy,pulse,pulus,pumas,pumie,pumps,punas,punce,punch,punga,pungs,punji,punka,punks,punky,punny,punto,punts,punty,pupae,pupal,pupas,pupil,puppy,pupus,purda,pured,puree,purer,pures,purge,purin,puris,purls,purpy,purrs,purse,pursy,purty,puses,pushy,pusle,pussy,putid,puton,putti,putto,putts,putty,puzel,pyats,pyets,pygal,pygmy,pyins,pylon,pyned,pynes,pyoid,pyots,pyral,pyran,pyres,pyrex,pyric,pyros,pyxed,pyxes,pyxie,pyxis,pzazz,qadis,qaids,qanat,qibla,qophs,qorma,quack,quads,quaff,quags,quail,quair,quais,quake,quaky,quale,qualm,quant,quare,quark,quart,quash,quasi,quass,quate,quats,quean,queen,queer,quell,queme,quena,quern,query,quest,queue,queyn,queys,quich,quick,quids,quiet,quiff,quill,quilt,quims,quina,quine,quino,quins,quint,quipo,quips,quipu,quire,quirk,quirt,quist,quite,quits,quoad,quods,quoll,quonk,quops,quota,quote,quoth,qursh,quyte,rabat,rabbi,rabic,rabid,rabis,raced,racer,races,rache,racks,racon,radar,radge,radii,radio,radix,radon,raffs,rafts,ragas,ragde,raged,ragee,rager,rages,raggy,raids,raiks,raile,rails,raine,rains,rainy,raird,raise,raita,raits,rajah,rajas,rajes,raked,rakee,raker,rakes,rakia,rakis,rakus,rales,rally,ralph,ramal,ramee,ramen,ramet,ramie,ramin,ramis,rammy,ramps,ramus,ranas,rance,ranch,rands,randy,ranee,ranga,range,rangi,rangy,ranid,ranis,ranke,ranks,rants,raped,raper,rapes,raphe,rapid,rappe,rared,raree,rarer,rares,rarks,rased,raser,rases,rasps,raspy,rasse,rasta,ratal,ratan,ratas,ratch,rated,ratel,rater,rates,ratha,rathe,raths,ratio,ratoo,ratos,ratty,ratus,rauns,raupo,raved,ravel,raven,raver,raves,ravin,rawer,rawin,rawly,rawns,raxed,raxes,rayah,rayas,rayed,rayle,rayne,rayon,razed,razee,razer,razes,razoo,razor,reach,react,readd,reads,ready,reaks,realm,realo,reals,reame,reams,reamy,reans,reaps,rearm,rears,reast,reata,reate,reave,rebar,rebbe,rebec,rebel,rebid,rebit,rebop,rebus,rebut,rebuy,recal,recap,recce,recco,reccy,recit,recks,recon,recta,recti,recto,recur,recut,redan,redds,reddy,reded,redes,redia,redid,redip,redly,redon,redos,redox,redry,redub,redux,redye,reech,reede,reeds,reedy,reefs,reefy,reeks,reeky,reels,reens,reest,reeve,refed,refel,refer,reffo,refit,refix,refly,refry,regal,regar,reges,reggo,regie,regma,regna,regos,regur,rehab,rehem,reifs,reify,reign,reiki,reiks,reink,reins,reird,reist,reive,rejig,rejon,reked,rekes,rekey,relax,relay,relet,relic,relie,relit,reman,remap,remen,remet,remit,remix,rends,renew,reney,rents,reoil,repay,repeg,repel,repin,reply,repos,repot,repps,repro,reran,rerig,rerun,resat,resaw,resay,resee,reses,reset,resew,resin,resit,resod,resow,resto,rests,resty,retag,retax,retch,retem,retia,retie,retro,retry,reuse,revel,revet,revie,revue,rewan,rewax,rewed,rewet,rewin,rewon,rhine,rhino,rhyme,ribby,ribes,riced,ricer,rices,ricey,richt,ricin,ricks,rider,rides,ridge,ridgy,riels,riems,rieve,rifer,riffs,rifle,rifte,rifts,rifty,riggs,right,rigid,rigol,rigor,riled,riles,riley,rille,rills,rimae,rimed,rimer,rimes,rimus,rinds,rindy,rines,rings,rinks,rinse,riots,riped,ripen,riper,ripes,ripps,risen,riser,rises,rishi,risks,risky,risps,risus,rites,ritts,ritzy,rival,rivas,rived,rivel,riven,river,rives,rivet,riyal,rizas,roach,roads,roams,roans,roars,roary,roast,roate,robed,robes,robin,roble,robot,rocks,rocky,roded,rodeo,rodes,roger,rogue,roguy,roils,roily,roins,roist,rojak,rojis,roked,roker,rokes,rolag,roles,rolfs,rolls,romal,roman,romeo,romps,ronde,rondo,roneo,rones,ronin,ronne,ronte,ronts,roods,roofs,roofy,rooks,rooky,rooms,roomy,roons,roops,roopy,roosa,roose,roost,roots,rooty,roped,roper,ropes,ropey,roque,roral,rores,roric,rorid,rorie,rorts,rorty,rosed,roses,roset,roshi,rosin,rosit,rosti,rosts,rotal,rotan,rotas,rotch,roted,rotes,rotis,rotls,roton,rotor,rotos,rotte,rouen,roues,rouge,rough,roule,rouls,roums,round,roups,roupy,rouse,roust,route,routh,routs,roved,roven,rover,roves,rowan,rowdy,rowed,rowel,rowen,rower,rowme,rownd,rowth,rowts,royal,royne,royst,rozet,rozit,ruana,rubai,rubby,rubel,rubes,rubin,ruble,rubus,ruche,rucks,rudas,rudds,ruddy,ruder,rudes,rudie,rueda,ruers,ruffe,ruffs,rugae,rugal,rugby,ruggy,ruing,ruins,rukhs,ruled,ruler,rules,rumal,rumba,rumbo,rumen,rumes,rumly,rummy,rumor,rumpo,rumps,rumpy,runch,runds,runed,runes,rungs,runic,runny,runts,runty,rupee,rupia,rural,rurps,rurus,rusas,ruses,rushy,rusks,rusma,russe,rusts,rusty,ruths,rutin,rutty,ryals,rybat,ryked,rykes,rymme,rynds,ryots,ryper,saags,sabal,sabed,saber,sabes,sabha,sabin,sabir,sable,sabot,sabra,sabre,sacks,sacra,saddo,sades,sadhe,sadhu,sadis,sadly,sados,sadza,safed,safer,safes,sagas,sager,sages,saggy,sagos,sagum,saheb,sahib,saice,saick,saics,saids,saiga,sails,saims,saine,sains,saint,sairs,saist,saith,sajou,sakai,saker,sakes,sakia,sakis,salad,salal,salep,sales,salet,salic,salix,salle,sally,salmi,salol,salon,salop,salpa,salps,salsa,salse,salto,salts,salty,salue,salve,salvo,saman,samas,samba,sambo,samek,samel,samen,sames,samey,samfu,sammy,sampi,samps,sands,sandy,saned,saner,sanes,sanga,sangh,sango,sangs,sanko,sansa,santo,sants,saola,sapan,sapid,sapor,sappy,saran,sards,sared,saree,sarge,sargo,sarin,saris,sarks,sarky,sarod,saros,sarus,saser,sasin,sasse,sassy,satai,satay,sated,satem,sates,satin,satis,satyr,sauba,sauce,sauch,saucy,saugh,sauls,sault,sauna,saunt,saury,saute,sauts,saved,saver,saves,savey,savin,savor,savoy,savvy,sawah,sawed,sawer,saxes,sayed,sayer,sayid,sayne,sayon,sayst,sazes,scabs,scads,scaff,scags,scail,scala,scald,scale,scall,scalp,scaly,scamp,scams,scand,scans,scant,scapa,scape,scapi,scare,scarf,scarp,scars,scart,scary,scath,scats,scatt,scaud,scaup,scaur,scaws,sceat,scena,scend,scene,scent,schav,schmo,schul,schwa,scion,sclim,scody,scoff,scogs,scold,scone,scoog,scoop,scoot,scopa,scope,scops,score,scorn,scots,scoug,scoup,scour,scout,scowl,scowp,scows,scrab,scrae,scrag,scram,scran,scrap,scrat,scraw,scray,scree,screw,scrim,scrip,scrod,scrog,scrow,scrub,scrum,scuba,scudi,scudo,scuds,scuff,scuft,scugs,sculk,scull,sculp,sculs,scums,scups,scurf,scurs,scuse,scuta,scute,scuts,scuzz,scyes,sdayn,sdein,seals,seame,seams,seamy,seans,seare,sears,sease,seats,seaze,sebum,secco,sechs,sects,sedan,seder,sedes,sedge,sedgy,sedum,seeds,seedy,seeks,seeld,seels,seely,seems,seeps,seepy,seers,segue,sehri,seifs,seils,seine,seirs,seise,seism,seity,seize,sekos,sekts,selah,seles,selfs,sella,selle,sells,selva,semee,semen,semes,semie,semis,senas,sends,senes,sengi,senna,senor,sensa,sense,sensi,sente,senti,sents,senvy,senza,sepad,sepal,sepia,sepic,sepoy,septa,septs,serac,serai,seral,sered,serer,seres,serfs,serge,seric,serif,serin,serks,seron,serow,serra,serre,serrs,serry,serum,serve,servo,sesey,sessa,setae,setal,seton,setts,setup,seven,sever,sewan,sewar,sewed,sewel,sewer,sexed,sexer,sexes,seyen,shack,shade,shads,shady,shaft,shags,shahs,shake,shako,shakt,shaky,shale,shall,shalm,shalt,shaly,shama,shame,shams,shand,shank,shans,shape,shaps,shard,share,shark,sharn,sharp,shart,shash,shaul,shave,shawl,shawm,shawn,shaws,shaya,shays,shchi,sheaf,sheal,shear,sheas,sheds,sheel,sheen,sheep,sheer,sheet,sheik,shelf,shell,shend,shent,sheol,sherd,shere,shets,sheva,shewn,shews,shiai,shied,shiel,shier,shies,shift,shill,shily,shims,shine,shins,shiny,ships,shire,shirk,shirr,shirs,shirt,shish,shiur,shiva,shive,shivs,shlep,shlub,shmek,shoal,shoat,shock,shoed,shoer,shoes,shogi,shogs,shoji,shola,shone,shook,shool,shoon,shoos,shoot,shope,shops,shore,shorl,shorn,short,shote,shots,shott,shout,shove,showd,shown,shows,showy,shoyu,shred,shrew,shris,shrow,shrub,shrug,shtik,shtum,shtup,shuck,shule,shuln,shuls,shuns,shunt,shura,shush,shute,shuts,shwas,shyer,shyly,sials,sibbs,sibyl,sices,sicht,sicko,sicks,sidas,sided,sider,sides,sidhe,siege,sient,sieth,sieur,sieve,sifts,sighs,sight,sigil,sigla,sigma,signa,signs,sijos,sikas,siker,sikes,silds,siled,silen,siler,siles,silex,silks,silky,sills,silly,silos,silts,silty,silva,simar,simas,simba,simps,simul,since,sinds,sined,sines,sinew,singe,sings,sinhs,sinks,sinky,sinus,siped,sipes,sippy,sired,siree,siren,sires,sirih,siris,siroc,sirra,sirup,sisal,sises,sissy,sists,sitar,sited,sites,sithe,sitka,situp,situs,siver,sixer,sixes,sixmo,sixte,sixth,sixty,sizar,sized,sizel,sizer,sizes,skags,skail,skald,skank,skart,skate,skats,skatt,skaws,skean,skear,skeed,skeef,skeen,skeer,skees,skeet,skegg,skegs,skein,skelf,skell,skelm,skelp,skene,skens,skeos,skeps,skers,skets,skews,skids,skied,skier,skies,skiey,skiff,skill,skimo,skimp,skims,skink,skins,skint,skios,skips,skirl,skirr,skirt,skite,skits,skive,skivy,sklim,skoal,skoff,skols,skool,skort,skosh,skran,skrik,skuas,skugs,skulk,skull,skunk,skyed,skyer,skyey,skyfs,skyre,skyrs,skyte,slabs,slack,slade,slaes,slags,slaid,slain,slake,slams,slane,slang,slank,slant,slaps,slart,slash,slate,slats,slaty,slave,slaws,slays,slebs,sleds,sleek,sleep,sleer,sleet,slept,slews,sleys,slice,slick,slide,slier,slily,slime,slims,slimy,sling,slink,slipe,slips,slipt,slish,slits,slive,sloan,slobs,sloes,slogs,sloid,slojd,sloom,sloop,sloot,slope,slops,slopy,slorm,slosh,sloth,slots,slove,slows,sloyd,slubb,slubs,slued,slues,sluff,slugs,sluit,slump,slums,slung,slunk,slurb,slurp,slurs,sluse,slush,sluts,slyer,slyly,slype,smaak,smack,smaik,small,smalt,smarm,smart,smash,smaze,smear,smeek,smees,smeke,smell,smelt,smerk,smews,smile,smirk,smirr,smirs,smite,smith,smits,smock,smogs,smoke,smoko,smoky,smolt,smoor,smoot,smore,smote,smout,smowt,smugs,smurs,smush,smuts,snabs,snack,snafu,snags,snail,snake,snaky,snaps,snare,snarf,snark,snarl,snars,snary,snash,snath,snaws,snead,sneak,sneap,snebs,sneck,sneds,sneed,sneer,snees,snell,snibs,snick,snide,snies,sniff,snift,snigs,snipe,snips,snipy,snirt,snits,snobs,snods,snoek,snoep,snogs,snoke,snood,snook,snool,snoop,snoot,snore,snort,snots,snout,snowk,snows,snowy,snubs,snuck,snuff,snugs,snush,snyes,soaks,soaps,soapy,soare,soars,soave,sobas,sober,socas,socko,socks,socle,sodas,soddy,sodic,sodom,sofar,sofas,softa,softs,softy,soger,soggy,soils,soily,sojas,sokah,soken,sokes,sokol,solah,solan,solar,solas,solde,soldi,soldo,solds,soled,solei,soler,soles,solid,solon,solos,solum,solus,solve,soman,somas,sonar,sonce,sonde,sones,songs,sonic,sonly,sonne,sonny,sonse,sonsy,sooey,sooks,soole,sools,sooms,soops,soote,sooth,soots,sooty,sophs,sophy,sopor,soppy,sopra,soral,soras,sorbo,sorbs,sorda,sordo,sords,sored,soree,sorel,sorer,sores,sorex,sorgo,sorns,sorra,sorry,sorta,sorts,sorus,soths,sotol,souce,souct,sough,souks,souls,soums,sound,soups,soupy,sours,souse,south,souts,sowar,sowce,sowed,sower,sowff,sowfs,sowle,sowls,sowms,sownd,sowne,sowps,sowse,sowth,soyas,soyle,soyuz,sozin,space,spacy,spade,spail,spain,spait,spake,spald,spale,spall,spalt,spams,spane,spang,spank,spans,spard,spare,spark,spars,spart,spasm,spate,spats,spaul,spawl,spawn,spaws,spayd,spays,spaza,spazz,speak,speal,spean,spear,speat,speck,specs,speed,speel,speer,speil,speir,speks,speld,spelk,spell,spelt,spend,spent,speos,sperm,spets,speug,spews,spewy,spial,spica,spice,spick,spics,spicy,spide,spied,spiel,spier,spies,spiff,spifs,spike,spiks,spiky,spile,spill,spilt,spims,spina,spine,spink,spins,spiny,spire,spirt,spiry,spite,spits,spitz,spivs,splat,splay,split,splog,spode,spods,spoil,spoke,spoof,spook,spool,spoom,spoon,spoor,spoot,spore,spork,sport,sposh,spots,spout,sprad,sprag,sprat,spray,spred,spree,sprew,sprig,sprit,sprod,sprog,sprue,sprug,spuds,spued,spuer,spues,spugs,spule,spume,spumy,spunk,spurn,spurs,spurt,sputa,spyal,spyre,squab,squad,squat,squaw,squeg,squib,squid,squit,squiz,stabs,stack,stade,staff,stage,stags,stagy,staid,staig,stain,stair,stake,stale,stalk,stall,stamp,stand,stane,stang,stank,staph,staps,stare,stark,starn,starr,stars,start,stash,state,stats,staun,stave,staws,stays,stead,steak,steal,steam,stean,stear,stedd,stede,steds,steed,steek,steel,steem,steen,steep,steer,steil,stein,stela,stele,stell,steme,stems,stend,steno,stens,stent,steps,stept,stere,stern,stets,stews,stewy,stich,stick,stied,sties,stiff,stilb,stile,still,stilt,stime,stims,stimy,sting,stink,stint,stipa,stipe,stire,stirk,stirp,stirs,stive,stivy,stoae,stoai,stoas,stoat,stobs,stock,stoep,stogy,stoic,stoit,stoke,stole,stoln,stoma,stomp,stond,stone,stong,stonk,stonn,stony,stood,stook,stool,stoop,stoor,stope,stops,stopt,store,stork,storm,story,stoss,stots,stott,stoun,stoup,stour,stout,stove,stown,stowp,stows,strad,strae,strag,strak,strap,straw,stray,strep,strew,stria,strig,strim,strip,strop,strow,stroy,strum,strut,stubs,stuck,stude,studs,study,stuff,stull,stulm,stumm,stump,stums,stung,stunk,stuns,stunt,stupa,stupe,sture,sturt,styed,styes,style,styli,stylo,styme,stymy,styre,styte,suave,subah,subas,subby,suber,subha,succi,sucks,sucky,sucre,sudds,sudor,sudsy,suede,suent,suers,suets,suety,sugan,sugar,sughs,sugos,suhur,suids,suing,suint,suite,suits,sujee,sukhs,sukuk,sulci,sulfa,sulfo,sulks,sulky,sully,sulph,sulus,sumac,summa,sumos,sumph,sumps,sunis,sunks,sunna,sunns,sunny,sunup,super,supes,supra,surah,sural,suras,surat,surds,sured,surer,sures,surfs,surfy,surge,surgy,surly,surra,suses,sushi,susus,sutor,sutra,sutta,swabs,swack,swads,swage,swags,swail,swain,swale,swaly,swami,swamp,swamy,swang,swank,swans,swaps,swapt,sward,sware,swarf,swarm,swart,swash,swath,swats,swayl,sways,sweal,swear,sweat,swede,sweed,sweel,sweep,sweer,swees,sweet,sweir,swell,swelt,swept,swerf,sweys,swies,swift,swigs,swill,swims,swine,swing,swink,swipe,swire,swirl,swish,swiss,swith,swits,swive,swizz,swobs,swoln,swoon,swoop,swops,swopt,sword,swore,sworn,swots,swoun,swung,sybbe,sybil,syboe,sybow,sycee,syces,syens,syker,sykes,sylis,sylph,sylva,symar,synch,syncs,synds,syned,synes,synod,synth,syped,sypes,syphs,syrah,syren,syrup,tabby,table,taboo,tacit,tacks,tacky,tacos,tacts,taffy,taggy,taiga,tails,taint,taken,taker,takes,taler,tales,talks,talky,talls,tally,talon,tamed,tamer,tames,tango,tangs,tangy,tanhs,tanka,tanks,tanky,tanna,tansy,tanti,tanto,tapas,taped,tapen,taper,tapes,tapet,tapir,tapis,tappa,tapus,taras,tardo,tardy,tared,tares,targa,targe,tarns,taroc,tarok,taros,tarot,tarps,tarre,tarry,tarsi,tarts,tarty,tasar,taser,tasks,tasse,taste,tasty,tatar,tater,tates,taths,tatie,tatou,tatts,tatty,tatus,taube,tauld,taunt,tauon,taupe,tauts,tavah,tavas,taver,tawai,tawas,tawed,tawer,tawie,tawny,tawse,tawts,taxed,taxer,taxes,taxis,taxol,taxon,taxor,taxus,tayra,tazza,tazze,teach,teade,teads,teaed,teaks,teals,teams,tears,teary,tease,teats,teaze,techs,techy,teddy,teems,teens,teeny,teeth,tells,telly,tempo,temps,tempt,temse,tench,tends,tendu,tenes,tenet,tenge,tenia,tenne,tenno,tenny,tenon,tenor,tense,tenth,tents,tenty,tenue,tepal,tepas,tepee,tepid,tepoy,terai,teras,terce,terek,teres,terfe,terfs,terga,terms,terne,terns,terra,terry,terse,terts,tesla,testa,teste,tests,testy,tetes,teths,tetra,tetri,teuch,teugh,tewed,tewel,tewit,texas,texes,texts,thack,thagi,thaim,thale,thali,thana,thane,thang,thank,thans,tharm,thars,thaws,thawy,thebe,theca,theed,theek,thees,theft,thegn,theic,thein,their,thelf,thema,theme,thens,theow,there,therm,these,thesp,theta,thete,thews,thewy,thick,thief,thigh,thigs,thilk,thill,thine,thing,think,thins,thiol,third,thirl,thoft,thole,tholi,thong,thorn,thoro,thorp,those,thous,thowl,thrae,thraw,three,threw,thrid,thrip,throb,throe,throw,thrum,thuds,thugs,thuja,thumb,thump,thunk,thurl,thuya,thyme,thymi,thymy,tians,tiara,tiars,tibia,tical,ticca,ticed,tices,tichy,ticks,ticky,tidal,tiddy,tided,tides,tiers,tiffs,tifts,tiger,tiges,tight,tigon,tikas,tikes,tikis,tikka,tilak,tilde,tiled,tiler,tiles,tills,tilly,tilth,tilts,timbo,timed,timer,times,timid,timon,timps,tinas,tinct,tinds,tinea,tined,tines,tinge,tings,tinks,tinny,tints,tinty,tipis,tippy,tipsy,tired,tires,tirls,tiros,tirrs,titan,titch,titer,tithe,titis,title,titre,titty,titup,tiyin,tizzy,toads,toady,toast,tocks,tocky,tocos,today,todde,toddy,toeas,toffs,toffy,tofts,tofus,togae,togas,toged,toges,togue,toile,toils,toing,toise,toits,tokay,toked,token,toker,tokes,tokos,tolan,tolar,tolas,toled,toles,tolls,tolly,tolts,tolus,tolyl,toman,tombs,tomes,tomia,tommy,tomos,tonal,tondi,tondo,toned,toner,tones,toney,tonga,tongs,tonic,tonks,tools,toons,tooth,toots,topaz,toped,topee,topek,toper,topes,tophe,tophi,tophs,topic,topis,topoi,topos,toppy,toque,torah,toran,toras,torch,torcs,tores,toric,torii,toros,torot,torrs,torse,torsi,torsk,torso,total,totem,toter,totes,touch,tough,tours,towed,towel,tower,towie,towns,towny,toxic,toxin,toyed,toyer,toyon,toyos,tozed,tozes,tozie,trabs,trace,track,tract,trade,trads,tragi,traik,trail,train,trait,tramp,trams,trank,tranq,trans,trant,trape,traps,trapt,trash,trass,trats,tratt,trave,trawl,trays,tread,treat,treck,treed,treen,trees,trefa,treif,treks,trema,trend,tress,trest,trets,trews,treys,triac,triad,trial,tribe,trice,trick,tride,tried,trier,tries,triff,trigo,trigs,trike,trild,trill,trims,trine,trins,triol,trior,trios,tripe,trips,tripy,trist,trite,troad,troak,troat,trock,trode,trods,trogs,trois,troke,troll,tromp,trona,tronc,trone,tronk,trons,troop,trooz,trope,troth,trots,trout,trove,trows,troys,truce,truck,trued,truer,trues,trugo,trugs,trull,truly,trump,trunk,truss,trust,truth,tryer,tryke,tryma,tryps,tryst,tsade,tsadi,tsars,tsked,tsuba,tuans,tuart,tuath,tubae,tubal,tubar,tubas,tubby,tubed,tuber,tubes,tucks,tufas,tuffe,tuffs,tufts,tufty,tugra,tuina,tuism,tuktu,tules,tulip,tummy,tumor,tumps,tumpy,tunas,tuned,tuner,tunes,tungs,tunic,tunny,tupek,tupik,tuple,tuque,turbo,turds,turfs,turfy,turks,turme,turms,turns,turps,tushy,tusks,tusky,tutee,tutor,tutti,tutty,tutus,tuxes,twain,twals,twang,twank,twats,tways,tweak,tweed,tweel,tween,tweer,tweet,twerk,twerp,twice,twier,twigs,twill,twilt,twine,twins,twiny,twire,twirl,twirp,twist,twite,twits,twixt,twoer,twyer,tyees,tyers,tying,typed,types,typey,typic,typos,typps,typto,tyran,tyred,tyres,tyros,tythe,tzars,udals,udder,udons,ugali,ugged,uhlan,uhuru,ukase,ulama,ulans,ulcer,ulema,ulmin,ulnad,ulnae,ulnar,ulnas,ulpan,ultra,ulvas,ulyie,ulzie,umami,umbel,umber,umble,umbos,umbra,umbre,umiac,umiak,umiaq,ummah,ummas,ummed,umped,umpie,umpty,umrah,umras,unais,unapt,unarm,unary,unaus,unbag,unban,unbar,unbed,unbid,unbox,uncap,unces,uncia,uncle,uncos,uncoy,uncus,uncut,undam,undee,under,undid,undue,undug,uneth,unfed,unfit,unfix,ungag,unget,ungod,ungot,ungum,unhat,unhip,unify,union,unite,units,unity,unjam,unked,unket,unkid,unlaw,unlay,unled,unlet,unlid,unlit,unman,unmet,unmew,unmix,unpay,unpeg,unpen,unpin,unred,unrid,unrig,unrip,unsay,unset,unsew,unsex,unsod,untax,untie,until,untin,unwed,unwet,unwit,unwon,unzip,upbow,upbye,updos,updry,upend,upjet,uplay,upled,uplit,upped,upper,upran,uprun,upsee,upset,upsey,uptak,urban,urged,urges,urine,usage,users,usher,using,usual,usurp,usury,uteri,utile,utter,uveal,uveas,uvula,vacua,vaded,vades,vagal,vague,vagus,vails,vaire,vairs,vairy,vales,valet,valid,valor,value,valve,vamps,vapid,vapor,varan,varas,vardy,varec,vares,varia,varix,varna,varus,varve,vasal,vases,vasts,vasty,vatic,vatus,vauch,vault,vaunt,vaute,vauts,vawte,veale,veals,vealy,veena,veeps,veers,veery,vegan,vegas,veges,vegie,vegos,vehme,veils,veily,veins,veiny,velar,velds,veldt,veles,vells,velum,venae,venal,vends,veney,venge,venin,venom,vents,venue,venus,verbs,verge,verra,verry,verse,vespa,vesta,vests,vexed,vexer,vexes,vials,viand,vibes,vibey,viced,vices,video,views,vigil,vigor,villa,vines,vinyl,viola,viper,viral,virid,virls,virtu,virus,visas,vises,visit,visne,vison,visor,vista,visto,vitae,vital,vitas,vitex,vitta,vivas,vivat,vivda,viver,vives,vivid,vixen,vizor,vleis,vlies,vlogs,voars,vocab,vocal,voces,voddy,vodka,vodou,vodun,voema,vogie,vogue,voice,voids,voila,volar,voles,volks,volta,volte,volti,volts,volva,volve,vomer,vomit,voted,voter,votes,vouch,vouge,voulu,vowed,vowel,vower,voxel,vroom,wacko,wacks,wacky,wadds,waded,wader,wades,wafer,wafts,waged,wager,wages,wagon,wagyu,wahoo,waifs,wails,wains,waist,waits,waive,waked,waken,waker,wakes,walks,walls,waltz,wands,waned,wanes,waney,wangs,wanks,wanky,wanna,wants,wards,wares,warms,warns,warps,warts,warty,washy,wasps,waspy,waste,watch,water,watts,waved,waver,waves,wavey,waxed,waxer,waxes,wayed,wazir,wazoo,weald,weals,weamb,weans,wears,weary,weave,webby,weber,wecht,wedel,wedge,wedgy,weeds,weedy,weeke,weeks,weels,weems,weens,weeny,weeps,weepy,weest,weete,weets,wefte,wefts,weids,weigh,weils,weird,weirs,weise,weize,wekas,welch,welds,wells,welsh,welts,wench,wends,wents,wetly,wexed,whack,whale,whamo,whams,wharf,whats,wheal,whear,wheat,wheel,whelm,whelp,whens,where,whets,which,whids,whiff,whift,whigs,while,whilk,whims,whine,whins,whiny,whips,whirl,whirs,whisk,white,whits,whizz,whole,whomp,whoof,whoop,whoot,whorl,whose,whump,wicks,wicky,widdy,widen,wider,widow,width,wield,wifes,wifey,wiggy,wight,wikis,wilds,wills,willy,wilts,wimps,wimpy,wince,winds,windy,wined,wines,winey,wings,wingy,winks,winna,winns,wiped,wiper,wipes,wired,wirer,wires,wised,wiser,wises,wisps,wispy,wists,witch,wited,withs,witty,wived,wiver,wives,wizen,wizes,woads,woald,wocks,woken,wolds,wolfs,woman,wombs,women,wonky,woods,woody,wooed,wooer,woofs,woofy,wools,wooly,woops,woosh,woozy,words,wordy,works,world,worms,wormy,worry,worse,worst,worth,worts,would,wound,woven,wowed,wowee,wrack,wrang,wraps,wrath,wrawl,wreak,wreck,wrens,wrest,wring,wrist,write,writs,wrong,wrote,wrung,wryly,wuxia,xrays,yacht,yahoo,yales,yangs,yanks,yapps,yappy,yards,yarns,yawns,yawny,yeahs,yearn,years,yeast,yells,yelps,yield,yikes,yipes,yippy,yodel,yodle,yogas,yoked,yolks,yolky,young,yours,youth,yowie,yowls,yucks,yucky,yummy,yuppy,zappy,zebra,zeros,zests,zesty,zincs,zincy,zings,zingy,zinky,zippy,zoner,zones,zonks,zooms
